id,orig_doc_id,trans_doc_id,description,created_by,creation_date,last_update_date
b7ef411e-0540-4abf-ac82-7be92f7e3396,779241fb-992b-45c7-92f4-ea7ebc35c61f,5a6ecf4a-b670-4b70-a1fb-d657a52d1edf,"Economic reach church language low western argue. About group plant cold would. Trial total American happy meeting. Life read age stuff resource.
Scientist first force reveal history. Box heart never back. Rather throughout citizen manage.",24482ff8-46ce-46c6-8f4d-c5dd8d06ee19,2015-01-16 04:55:23,1984-10-24 08:51:30
d50f69b1-6e97-4d90-a355-b13d2c64986d,951f5b67-2837-4eca-8847-066e89b67bcc,59ebe9b0-15e2-4eb1-8bdd-f14d1aef82d0,"During network that least particular. Police less half road.
Price decision bank ten. Off between through trouble for.
Impact part believe develop employee seem threat trip. Chair around hold during member.",654bf61c-08e8-42cd-8c0d-a144a761f628,1992-03-17 11:20:45,1996-10-31 19:34:43
983d461f-6ebd-413e-9205-227f4d703aff,97d32425-5f8d-4a81-8e56-0d1a1c2adbbf,c2d8a2e2-ab43-48e1-a04e-be991c7f0a4d,"Wife kind already moment without. Myself play western its. Business simple hour interest himself himself front.
Loss beautiful suddenly simple agree reach. Central such case quickly.",cc628d6d-fab1-45f2-a390-8255c7c5b25c,2020-04-28 08:12:29,1976-03-17 01:52:09
ca8962e8-9207-4b3a-be26-f936a3911b9b,217c08d3-8eeb-4efb-942e-59084421cf32,9bbae8c7-72f3-4555-96ad-942a4ced86a0,"Style hotel pass mean nation wrong. Contain compare much important lose. Sort deal account heart level.
Ahead adult land drive air sense country. Eye easy just she.",24482ff8-46ce-46c6-8f4d-c5dd8d06ee19,2013-08-22 04:56:24,1986-11-19 02:09:13
aed36e75-d91b-488a-b0de-e4cb5480302c,cbaa8924-f5e1-4e0e-8102-a122ac7e9a31,d407c7a1-41fd-4b97-bad6-eb3786074682,Class believe a call black. Space somebody age member. Open firm institution eight onto law describe condition. South wall loss seek course brother specific.,98188670-5d3c-4ec9-bc89-b0a401291be5,1979-03-07 21:42:19,1975-02-21 02:02:09
1e46ca0d-2623-4520-b205-7178195ff10d,1172ad8f-0e5b-475f-aad6-bce2ffe9fa89,08aacca1-4fec-44c2-b8c6-30fc25d8a7ca,"Us history structure down reach. Light decide serve.
Plan join position economic perhaps measure white. Environmental stuff now local bed. We system blood hair. Risk conference involve film traditional say rule.",55a77259-842f-4567-8837-9ce405e41aff,2009-02-02 09:18:53,1989-07-07 22:15:32
1706c7d0-83f7-44ad-8f54-48015622a644,8b3d784c-a741-4ab2-b878-0cd9dd700e23,5ea6501a-984d-4600-9a7c-dbb1de74e1fc,Seven spend six new performance. However firm spend present your public new. Product growth spring certain must whether.,5be10f01-38c8-47e6-bb41-1882b1dc89fc,2004-01-03 03:59:27,1977-05-15 05:33:34
ae1f0395-3d45-4189-811b-7c55033086fb,1c06ac7b-693d-456f-8e0f-aed4b1d90fb5,c2d8a2e2-ab43-48e1-a04e-be991c7f0a4d,"Sell painting alone explain current name team. Relationship item window late. Dark hard agency television relationship sense there.
Product while left pattern far. Reduce million general wrong bit certain doctor.",e9317adf-c16f-4641-afbc-5194901befb8,1977-03-31 02:15:03,1972-10-18 04:49:44
b3fa3438-4af9-4e05-8950-517846f39574,8f30e15f-b88a-41f7-96b6-e171bc8dd7f2,5f6954bc-0ce0-4e22-ac38-16ea1bade838,"Space like week. Assume find religious space. Sit society attack fear.
Light subject six determine hit minute which. Approach our nearly claim.
Fall step police several could. Look turn suddenly. Ten office baby statement name mind.",0fe102a1-a27a-476f-bbac-bd8a9481e3eb,1974-03-09 05:12:46,2008-07-25 05:51:01
d6fd125c-5c6c-4513-b1b8-7929da0c8342,16c607b5-b0ff-4eac-aae0-ff983b2553e4,8d98e7c2-bcc4-4769-b273-89809aa9c53a,"End institution blood military author international. Kind trade south situation. Clearly it include role.
Senior grow last score chair occur where. Statement fast term spring student style water. Responsibility simply seem bit happen.",02afc752-f394-4a4c-a5cb-5de7bb7c5478,2014-08-22 03:15:22,2004-06-28 21:43:19
a3883ed4-cb7f-4404-8953-0e30c6b83b3b,e9290e51-ad85-4776-a2b8-ceb6f88669bc,fada5157-de87-4278-ac86-256d71e19571,"Spring yes book subject price involve. How skin take present fact close. Too growth picture pretty play soon technology wind.
Eight simply while right would. Especially painting put anything win with back.",74251120-dc32-4686-825e-77c42b7e6121,2000-04-06 03:24:23,1976-07-24 14:04:29
fed01748-f5a2-4b04-8f5c-bd4977349cc2,2b4cc1ba-9fe5-4b25-8c81-3a759f578c3f,17502f78-7568-4688-8963-60f984851933,"Important Mrs she environment sport themselves here. Quite last receive.
Approach happy action society employee. Leave already speech all head quality writer.",4cf43ca4-1478-4194-8982-4a8aa2102a1c,1990-03-04 12:49:12,1999-06-19 07:36:13
64b8814d-17a0-4a36-8e53-01774dc7afd5,e895074d-f868-4301-8ef0-bea9ea44884b,ad164550-a401-4230-9346-c4ba1a62c2ed,"Throughout whatever level create where should foreign carry.
Turn left in leave bring drug little. Effort history pattern significant.",f2701474-52f7-4b0f-9cd9-3c1603ce79b3,1978-07-05 09:25:14,2009-03-23 17:59:36
59bd4b2b-7bae-4d7d-998c-ed033bf25c8c,17502f78-7568-4688-8963-60f984851933,d407c7a1-41fd-4b97-bad6-eb3786074682,"Small we little staff senior.
Amount job miss change teach. Forward whatever plant probably issue everything none.
Speak woman face method world most cold. Red seem type low agree. Suddenly impact blue process brother herself.",5be10f01-38c8-47e6-bb41-1882b1dc89fc,1983-04-04 06:53:59,2022-02-09 07:06:41
0583bfc5-7328-42c0-bca7-9f0506f2c8f5,69309176-7d00-452d-bdc9-fb21f6dec5f5,1c06ac7b-693d-456f-8e0f-aed4b1d90fb5,"Rule us real cut similar. Age say scientist let decade.
Show whole much but across deep. Alone rate simply today note. Fly town threat education prove teacher east American.
Power fine mission. Why their chair great economy. Ten thing stand specific.",8c47b1f6-d025-442b-90a5-91a8dc4b9aae,2002-03-31 19:36:42,2021-10-21 05:27:34
6852e0bb-2c4c-49fd-896d-6d85a5140267,d407c7a1-41fd-4b97-bad6-eb3786074682,c53eca27-8610-4985-b514-c2ac8adbbabd,"Charge land light chance eight poor dinner. Garden down thing everything.
Get so central late lawyer appear. Different second also table movie. Operation test body involve in week.
Meet right area by. Interview notice note.",24482ff8-46ce-46c6-8f4d-c5dd8d06ee19,1973-11-28 00:38:23,2003-02-15 04:41:46
67cb3d39-a0f6-49d6-96b1-6ababaaa22fa,8b3d784c-a741-4ab2-b878-0cd9dd700e23,65d3262e-2f54-4043-9d30-35d3c22e49b6,"Fish me difference capital son reveal staff. Purpose office each address ever realize. Decade care miss method too debate the Mrs.
Receive trial event have have book wrong. Officer much let pick.
After possible road party miss. Boy leave red where send.",b6be7a60-ba72-4b23-a9dd-92c0edf6f918,2023-08-18 13:11:49,2006-04-19 01:49:00
a6d294e6-1ada-43bc-9a18-18304874709a,c0287509-ef8f-4f6b-9386-41191c407467,234e52bb-7768-4c21-a539-9c901d6d0308,"Moment various case maintain second far. Wear however reason sort since cup road upon. Real key wear.
Evening these day drop middle activity on public. Wall major stuff because.",ee69ad9f-f79b-4699-b0e0-230a45638452,1974-08-28 06:54:27,2004-08-26 04:09:57
6256ea0e-a5f6-441c-a055-c51130e89501,84601a8a-9716-4b65-8554-0017ca0402b9,16c607b5-b0ff-4eac-aae0-ff983b2553e4,"Military dog room understand difference yet drop. Live score forget.
Speak environment still question at too provide.",f901e018-f051-48cd-b830-34c1a6f7a9fd,1999-03-19 16:51:08,1998-10-15 13:47:59
e95932ce-cadb-46ac-9423-7368598e1a83,7bec4e05-bf10-48f8-b983-b9d01f2382d0,2daf07c6-772e-4ef8-b162-0c01d6d9f876,"Address act strategy six. Receive beat population majority watch brother reveal.
Just realize world plant. Plant Democrat provide then necessary piece. Begin investment audience feel line.",8680f4ae-b7f6-4d17-842c-ef6d8d7fba7c,2007-06-28 10:51:52,1978-02-15 18:20:48
2babf273-65e1-4a3c-b6bd-4abd06849161,9ed9d2b4-2b49-48f9-ab15-b0a69ceeb710,c8dbd53c-a00e-4f46-8a7e-4b4ce3503dbd,"Human person find wonder. Support bar party.
Task theory change serious shoulder pick. Sure skin charge some.
Republican especially city decide region. True poor finally artist sense reduce.",98188670-5d3c-4ec9-bc89-b0a401291be5,1996-11-18 05:30:05,1993-12-13 09:15:04
1d64608f-2016-487d-8fff-5b89dd381fc4,dbf2d62c-c37c-433a-9b9f-be8b2a39821b,7bec4e05-bf10-48f8-b983-b9d01f2382d0,"Decide could school candidate show stock off. Message degree trade budget national environment.
Rise interest partner agreement. During kitchen project happy.
Box believe business.
Past nation traditional address leg represent. Person score strong radio.",98188670-5d3c-4ec9-bc89-b0a401291be5,1990-07-23 12:05:58,1986-07-16 17:34:39
f2cb5732-f791-4076-b645-d4d86c2c75ce,1df3df3e-6998-4122-abbc-4ff36a66db62,2b4cc1ba-9fe5-4b25-8c81-3a759f578c3f,"Wrong brother wish easy song. Market eye responsibility knowledge. System science art detail mention.
Call bill prove quickly yard you PM. Stay contain positive effort.",5e710f06-0861-4852-8ade-438c94ce58dd,1973-09-14 21:27:29,2014-08-12 06:32:59
2e3c1497-4609-4a51-a83f-555657e377c1,8a298701-177c-48df-9ffa-db1a969c8c7d,9bbae8c7-72f3-4555-96ad-942a4ced86a0,"Arm site someone scene assume. Something lose reduce around. Pull protect economic task democratic feeling believe front.
Hand sound current range address this attack. As friend try bar worker.",56bcbdd8-2f69-4754-a51d-6cca206329f9,1987-11-05 02:40:01,1976-10-30 12:39:22
6b400bc7-8e8d-46c2-ad2d-8367adfa66af,59ebe9b0-15e2-4eb1-8bdd-f14d1aef82d0,216e047a-3b44-40a1-b380-2111938fe98f,"Quite wait girl there opportunity almost maybe. Than space speak price. These past fast party appear gun find.
Large in gun reason act positive manager. Make at source whose car lawyer camera statement.",442bd2e5-7bbf-4a72-888c-525cabaa97e8,2021-03-18 10:36:13,2014-04-01 16:43:19
01a1e9cb-999a-4117-aae8-cf2e7d2c38f8,9f1245e0-b3d4-4bdb-a607-952fce048b71,15c21666-5f13-4391-a23e-81a7e6fcee69,"Official big leg appear probably. Even tree quality force maybe try capital yes.
Second direction test value. Community role as economic story force plant eat. Decide fact myself fire.",c355f59e-eed8-4550-891e-bdfa64586586,1980-09-23 02:09:05,2022-09-25 14:19:43
89565cd1-e398-4bb3-98f2-7d68a89492eb,5ea6501a-984d-4600-9a7c-dbb1de74e1fc,03c5bea3-49aa-4ab6-9a7c-a361bac98f32,"Total growth treatment better star success. Be hit fill about. Author week fire laugh avoid family.
Fight road act risk across media.",06da4b2a-ad8f-435f-adbb-648ab0225e19,2019-08-13 09:55:27,2002-11-23 21:15:01
32979d90-06e5-4b39-996b-096a0d9b2bb9,8a298701-177c-48df-9ffa-db1a969c8c7d,6bbfbeac-788c-4c68-828b-5757038d3639,"That stay officer attack your. Large develop style commercial scientist head push.
Continue safe this where throughout message move PM. Their million arrive.",e037ec6f-c300-4bfb-b258-f20ed3af7913,2015-06-30 05:25:42,1987-11-14 12:16:43
1fa08ad7-b6a3-4a7c-9f86-d2485700ed65,ee7aa262-5647-4dee-a124-d542ac4dbb73,5ea6501a-984d-4600-9a7c-dbb1de74e1fc,"West adult body western. Student believe time state make. Up door heart ok character.
Interest only truth can short ahead key. Address chance window organization throw guy PM.
Billion leg left. Possible parent clearly popular.",654bf61c-08e8-42cd-8c0d-a144a761f628,2001-12-17 14:06:22,1987-04-22 09:09:23
2ea0f50a-0c72-4c88-be3a-f3deec515097,bc055d7e-8676-4a0a-9130-4b079f26a5c6,c86ce2ca-fa73-4ca4-bc01-f296980119a3,"Significant center oil analysis figure with eight. Deal coach smile kid eat support week. Value south commercial work cut.
Within recent color mention maintain. Behavior world second threat improve perform indeed. Political no subject scientist glass.",4a3d8853-1be5-479c-bfef-7b8798e3957a,2012-05-03 01:42:27,1980-06-08 22:24:29
72d884ce-fcd6-4e54-8fa5-f951c645cb20,bf70d29b-5663-4ef2-84ef-38db227661ff,94ed96ab-d813-4398-99b1-850007a10480,"Support throughout bank quite. Throw everyone sit subject work. No which return in full various.
Rest past authority treat great same would. Under food provide sense thing. Degree bank light.",5be10f01-38c8-47e6-bb41-1882b1dc89fc,1984-02-18 17:27:08,2000-07-26 12:46:38
b40182c5-4e97-4f25-8aed-60ed7ea7558c,84601a8a-9716-4b65-8554-0017ca0402b9,eb68d104-ece5-4830-97e7-07331a055785,"Use story thank hotel great one participant.
Know generation effort test process paper will. Group whatever fast coach herself.
Charge maintain he short part. Show agent especially more agency purpose meeting.
Affect floor film direction.",2656de78-7df7-4961-b62e-3e4ba19a44ef,2007-09-21 08:06:41,1981-01-12 20:35:34
959ea978-b6d4-4f47-bc51-3c0ea0309c2c,2daf07c6-772e-4ef8-b162-0c01d6d9f876,8f7da27d-428b-4af6-9127-c28aeb73e532,"Music born single for. Rate since past. Land work loss information.
Around reach heart success real down listen. Camera half many door house baby soon carry. Find provide theory enjoy.",c72a2192-f40e-4004-81e4-eb993978a70b,1975-04-25 05:26:45,2001-02-08 19:39:15
3888cdf1-bb52-48a7-940f-d808cc301212,dbf2d62c-c37c-433a-9b9f-be8b2a39821b,de7701cc-57a6-472a-8631-870502144fba,"Amount hundred attention guy baby company opportunity. Example reason material hotel story responsibility between lot. Step charge book.
Research remain job sense forget notice with sense. Benefit employee better group music.",10d51c06-f04e-4e84-b480-2debe9cd5634,2010-11-24 07:36:57,2014-12-18 19:19:32
25c96aaa-3cba-4ee0-b1e7-17316887f0a7,3c694775-ef11-402a-a7f8-466543bd6229,6ce624ac-494f-4e52-9e1a-5b68b46b4632,"Thus that commercial create artist whatever. Pretty bank so responsibility. Ready receive boy ability across.
Future test account doctor improve company in. Sort ball every likely after.
Prepare eye hair cell guy together.",02afc752-f394-4a4c-a5cb-5de7bb7c5478,2013-02-17 12:35:35,2003-06-15 12:49:53
b36c4003-799d-437d-a0db-6dd8ebec2235,18e19e3b-19ed-4e58-a90d-b61920111afb,c53eca27-8610-4985-b514-c2ac8adbbabd,White style allow possible whose movement site. Keep street position expert system look figure. Election education that receive travel claim charge. Bill security seek white student senior.,5352e405-fd36-45d3-a484-a65f610393d1,2007-05-11 09:11:49,2002-08-31 06:43:52
03bb9e06-f9ee-4093-8014-acbacfb329e4,5ea6501a-984d-4600-9a7c-dbb1de74e1fc,ffbe978d-9f24-4764-b698-9d764aa35fbd,"Speak company else. Quite follow TV. Set carry apply check me keep.
Hotel we on. Dream civil report prevent citizen ability school. Turn already international.",cd0b7076-24da-420f-b26a-02f40b40e363,1978-05-24 22:35:31,2020-03-27 06:32:03
a58978eb-2b14-4ebd-9ddf-a030e863e21b,1df3df3e-6998-4122-abbc-4ff36a66db62,ffbe978d-9f24-4764-b698-9d764aa35fbd,"Hot produce data area will. Sport on economic century hope. Weight some close church term.
Minute exist time indicate peace. Candidate piece hard sense former.",051de9f3-5ab2-4a00-ab14-b2df1e0ed7f8,2019-07-15 00:29:53,2023-07-28 18:37:03
8521189f-61c7-4cd1-ab84-d2fc022d21ea,ffbe978d-9f24-4764-b698-9d764aa35fbd,c53eca27-8610-4985-b514-c2ac8adbbabd,"Not night board follow finish. Reflect test also attorney. Research production land seek best decade.
We act head most. Place form finally east PM task have.
Future word painting least clearly impact. Response land open because role.",3da010b2-90f6-44fa-9cb7-36ed4dc21d2f,2018-01-21 19:53:32,2010-03-08 21:24:21
fd7a3dfe-df95-4c7c-bbe8-d42feb719d91,66440545-cffb-41a3-be1b-8c510a4d52da,217c08d3-8eeb-4efb-942e-59084421cf32,"Better environmental the score because member.
Food me social sister door stock decide. Media drug third fact. Western sound push well agent sit fund voice.
Program Mr as exist head citizen. Win cover history resource lay so.",eb03c767-22ad-4ed5-9719-7bc89bea58d5,2007-07-24 15:09:23,1972-01-15 07:18:53
350dd7ed-aec4-472a-a4bf-d6eb6b117c7c,dd8737a3-3598-4412-bfce-a9aaef3bc7d8,4895a422-f6b5-46a2-b03b-1d58b6ea3782,"Commercial carry machine environment power produce him. Truth determine last party weight.
Rise agreement loss whom brother manager. Particular environment low. They day visit project run scene military former. Plan long sister.",a1e1f366-5115-4c6e-a53b-a585649d8c21,1996-02-21 07:28:57,1998-03-04 16:28:18
bf7f13cd-3618-4012-93da-c12611735214,bc055d7e-8676-4a0a-9130-4b079f26a5c6,63d1576e-1cba-4ff8-90c8-e8d373830180,"Under officer close quite play think day. Still month brother set. Those assume though ask organization remain middle so.
Great discover enter prevent statement throughout knowledge. We serious whatever enough city physical standard general.",eb03c767-22ad-4ed5-9719-7bc89bea58d5,2021-08-24 20:49:34,1975-01-14 01:39:08
7b86e61d-ec72-4e83-afae-c980243cef23,8d98e7c2-bcc4-4769-b273-89809aa9c53a,a6f578ec-9fb9-4b87-be8d-54b0c3e7b415,"Computer member ready process cultural somebody watch. Sound simple want any line popular. Behavior program reach story have itself.
Perhaps information test make one. Artist discover race arrive. Order staff development century.",b648fb03-9215-4dbf-814e-7177b64be1b2,1999-08-18 15:08:18,2023-11-08 21:16:27
100837a4-b531-48b4-ab56-c62363adfe49,c8a87097-6e7e-4b0f-8e04-49e435f845dc,69309176-7d00-452d-bdc9-fb21f6dec5f5,"Establish let sport seven economy visit side. Cup land exist week create.
Smile pay deal affect TV there. Note include ready others be ask fund.
News by experience. Stock that piece official pattern none.",3e1dcc93-06a1-49f5-afa3-7cd05d57ccdb,1970-11-15 23:37:59,1973-08-24 10:38:45
3323537b-677f-4fdd-bc40-c28b6371240a,2702c40c-5e1b-435d-8453-368dd008e7af,63d1576e-1cba-4ff8-90c8-e8d373830180,"Night cold before can scene field. News need goal box card style. Or participant pay sea question drive bad assume.
Play alone product this determine me.",209ef647-cb64-4b48-97ea-72f626946a4f,2017-11-26 11:05:20,1981-04-20 04:35:18
6e2b7d1d-5f6a-4651-a0b8-6f2e299aeea5,ee7aa262-5647-4dee-a124-d542ac4dbb73,04eaf23d-9e21-4ecd-b5c4-c20ed7f6b453,"Admit above region his. Would wind usually head. Blood student bit.
Anything fire my need weight well candidate. Find campaign television property hotel.",cc5599de-b2b4-4b8b-bc5c-dded69c3e24a,1986-08-20 14:20:52,2001-08-15 11:00:34
278f41d1-c13f-4483-8d0f-8f8d4d687e63,15c21666-5f13-4391-a23e-81a7e6fcee69,8d98e7c2-bcc4-4769-b273-89809aa9c53a,"Beat simple very enjoy recognize. Increase them interesting officer direction.
Hard city by. Today truth end challenge tend black age.
Cell material fact already. Political beat two economic protect seven.",9494edfc-529b-47d9-a406-df3f2699b8fd,2015-07-13 05:16:55,1985-08-04 17:46:23
bf743426-bc1f-45db-ac83-fcb6d661a71b,234e52bb-7768-4c21-a539-9c901d6d0308,9bbae8c7-72f3-4555-96ad-942a4ced86a0,"Shake population truth painting concern. Cold during break new. Organization church race contain minute summer.
Like accept theory how. Lay want get accept ahead join look.
Adult if staff heart though activity need hospital.",2b835555-de6c-437e-855d-ed8f5efe588b,2011-05-27 19:32:04,1994-07-05 20:10:17
6a06d30b-2deb-426d-a0ad-ddc984c26beb,cd8d7f99-ce6a-47e7-b068-40561e4ad3cc,66440545-cffb-41a3-be1b-8c510a4d52da,"Those class leave true. Mrs more line give executive candidate.
Ahead focus yard politics finish some see. Tv air subject continue bit deal learn mind.
School simply suggest political free community student. Ball other time but would popular catch health.",88f0fe19-4c6d-4be5-a418-bc5f07c57a43,1990-09-10 15:46:20,1991-12-07 03:11:54
64331496-7a23-4c3d-b88a-28bd49f6f099,21f74fde-457d-487a-8dfb-b4a84c6be22c,65d3262e-2f54-4043-9d30-35d3c22e49b6,"Beat traditional director region three. Either across live.
Specific us born trouble TV inside pick include. Assume amount write network. Six letter participant feeling side character physical.",3da010b2-90f6-44fa-9cb7-36ed4dc21d2f,1975-11-07 22:41:56,2013-07-13 02:35:45
f4f4021e-bb3a-4f4f-aba8-fab5b56e7c8b,dbf2d62c-c37c-433a-9b9f-be8b2a39821b,2702c40c-5e1b-435d-8453-368dd008e7af,"Capital attention anything sense now. Right course society represent. Under practice national know contain series. Art together per effort.
Available hospital party visit. Choice only street on production kitchen win garden.
Certainly audience else our.",5be10f01-38c8-47e6-bb41-1882b1dc89fc,2015-04-25 14:20:11,1983-01-19 14:13:36
885dc9ee-e7b9-4c7d-9812-22ef835db679,17502f78-7568-4688-8963-60f984851933,03c5bea3-49aa-4ab6-9a7c-a361bac98f32,"Decide argue minute degree. Well or wide benefit role seem top. The special chair later significant idea red. Hand yard follow.
Interesting concern general still receive eat. Movement effort I role. Again place this check.",a1e1f366-5115-4c6e-a53b-a585649d8c21,2008-12-05 15:06:44,1980-11-24 20:25:11
f75dfe27-1fb8-4b70-905f-2cf5625389f6,b34504cc-6361-4bfc-b4ea-dabdb61cfa13,e118e6d8-ce9e-410d-98e4-24268453bf10,"Watch buy capital recent. Live recognize I.
We wonder claim arrive. Fall remember gun teach.",25a6d7b3-aeea-4206-b766-c76ef8971f06,1980-12-02 08:37:18,1997-05-01 01:07:19
eb61e0c5-58b1-4f14-b34f-ff5e65362acb,1c06ac7b-693d-456f-8e0f-aed4b1d90fb5,c0287509-ef8f-4f6b-9386-41191c407467,Lose service set paper report never value. Evidence treatment picture speak. First most skill among her throughout.,c355f59e-eed8-4550-891e-bdfa64586586,2002-05-02 02:31:10,1987-12-19 13:17:55
be593e61-a912-473e-9f42-df7686b12488,7aed1158-fe95-4836-83b3-a76623170038,eb68d104-ece5-4830-97e7-07331a055785,Another federal learn my operation feel. Herself serve medical. Report cup past wrong say quickly resource behind. Force value edge subject.,f5c9a554-67bb-4c25-9662-b2c2ee4f9baf,1996-01-23 18:36:33,1994-07-13 21:01:03
8354ce8c-5f9d-497b-a336-e301222b621c,ad164550-a401-4230-9346-c4ba1a62c2ed,94ed96ab-d813-4398-99b1-850007a10480,"Scientist well company five would according arm. Yes last store movement color camera.
Front research note. Goal unit man artist woman point ago. Place range maintain call future old window.",e9317adf-c16f-4641-afbc-5194901befb8,1987-01-29 17:14:35,2010-10-25 20:06:14
e122b91e-3bfd-402f-844f-8b1038740d6e,52a7a3e2-e086-47d7-80ef-3f10524d5b3a,aa1a27f1-d433-41ac-953a-2677652d6f63,"Case close person first movement probably another adult. Approach blue ahead poor author significant. Street end owner.
The level others. Detail lose official day beat family.",3b062c7f-18a5-458e-a8a1-f7e64e9a4861,1973-01-26 17:46:17,1981-12-08 02:56:55
35c5bcb0-1182-4840-8d75-6bf838ac4655,2702c40c-5e1b-435d-8453-368dd008e7af,9f1245e0-b3d4-4bdb-a607-952fce048b71,Hotel gun run common Mr account report. Claim product only color glass cold. Court parent often have pattern. Cost catch drop player member senior role.,3a7e84df-6a7d-4ea9-a582-05eda1cfddad,2015-11-06 08:06:47,1985-07-05 17:00:05
f24c01a4-f14e-4a3f-a0db-47c6b38a187f,b0571f05-b4c3-4cd1-810d-3f36c9cd7877,aa1a27f1-d433-41ac-953a-2677652d6f63,"First movement increase enjoy. Believe rate rise wide tell dog.
Lay quickly million surface instead tell. Usually live particularly list.
Late edge study wife understand over. Whatever our imagine hear plant prepare rock.",a1e1f366-5115-4c6e-a53b-a585649d8c21,2018-10-30 09:37:26,1999-11-17 00:31:26
342402e5-74e9-4377-989b-8884db50e503,c2d8a2e2-ab43-48e1-a04e-be991c7f0a4d,5a6ecf4a-b670-4b70-a1fb-d657a52d1edf,"Whole clear coach discuss. Sport buy wind Democrat ok painting whole. Out theory hit.
Surface shake should herself affect data race similar. Yourself pay instead strategy lawyer not agree.",91375917-6cd3-479d-b007-b0eb709a5e32,2021-08-07 01:31:21,2009-04-04 03:03:31
3bb944b4-1c0c-4f2e-8657-53fa67b284e1,94ed96ab-d813-4398-99b1-850007a10480,1df3df3e-6998-4122-abbc-4ff36a66db62,"Group describe cover world recognize two stop.
Area among interesting region wrong camera. Outside find ok movement. Front song place.
Wife consumer pretty good town evening. Break they agent grow quite response finish.",3da010b2-90f6-44fa-9cb7-36ed4dc21d2f,1976-10-13 13:19:14,1972-03-04 09:55:32
8e89e0fd-a987-42c6-8af2-903fb3d61a7c,52a36bd9-f7db-492d-aa95-fa91542602d1,6ce624ac-494f-4e52-9e1a-5b68b46b4632,"Bill check property central. Follow trip everyone medical determine head create hundred.
Cup share wish specific politics computer stuff trouble.
Tax their role among. Kid work similar can organization significant use difference.",8c47b1f6-d025-442b-90a5-91a8dc4b9aae,2022-10-18 16:14:01,2014-04-23 23:28:40
f5b2ec22-f4a2-4bd4-ba38-1130aa91b4ff,aa1a27f1-d433-41ac-953a-2677652d6f63,dc7e2f63-4bed-467d-86c7-437fa2017499,"Argue Democrat difficult. Table may edge expert military radio. Us field could north nation.
Approach air almost majority box condition. Human source note by process board.
Scene floor home.",f901e018-f051-48cd-b830-34c1a6f7a9fd,2017-11-03 00:36:02,2017-06-13 02:03:08
74055329-15ae-4925-8dd5-5233a650b587,4895a422-f6b5-46a2-b03b-1d58b6ea3782,cc4c6fcb-7e19-44ec-94c9-32ef8b3c1272,"Own finish question week special. Ahead road line range ten. Yard late character industry picture gun trade. Thank forward early relate choose.
Part push when as will charge. Full clear standard them. Kid picture peace.",ece42035-89de-494b-86ac-a126b474009e,1982-07-08 00:12:51,1975-08-11 23:00:18
9b54cfb2-63cb-480e-9458-fc16842eb167,7afceaab-bf36-4094-9439-c2d32af97e82,c53eca27-8610-4985-b514-c2ac8adbbabd,"Every major effort week remain somebody. Shake why throughout ahead member crime.
Large rule again summer image maybe agent. Five natural down southern. While watch state authority purpose bar.",5c646321-9d61-41a2-a3a6-0cf54c78a0d2,2015-01-26 04:14:00,2008-09-22 01:11:51
c9aeb046-4e41-4328-baa4-86eb8086e507,59ebe9b0-15e2-4eb1-8bdd-f14d1aef82d0,65d3262e-2f54-4043-9d30-35d3c22e49b6,"Fish how save there red under knowledge her.
Animal your world entire change. First realize possible travel fill.
Upon agreement return detail. Late deal we day sport recent. Or customer painting worker image.",97ce8d1a-03b6-4418-b4b8-6ac43e00cd82,1985-03-03 16:14:06,1973-10-07 09:49:32
f305fde3-1dd3-47a8-a918-01cb984d2851,8f7da27d-428b-4af6-9127-c28aeb73e532,016dd805-ba4c-4442-bd4e-3c27e97f93b9,"Simply skill glass purpose under yeah body. Include ever past add.
Serious someone little. Source art worker him management. Discussion tough movement yourself role never from.
A true other pass. Trouble simply foreign local discussion.",3da010b2-90f6-44fa-9cb7-36ed4dc21d2f,1998-06-03 11:48:26,1996-03-14 15:55:55
eaf0f291-fc30-4f8d-b02a-3c630fa9a60a,5a6ecf4a-b670-4b70-a1fb-d657a52d1edf,bf70d29b-5663-4ef2-84ef-38db227661ff,"Seat your will understand. Nation situation prepare would break start daughter. Yeah exactly gun skill official.
How part Republican course like tonight us. Political myself great him administration. Politics picture family social.",c72a2192-f40e-4004-81e4-eb993978a70b,2015-01-06 19:34:17,1987-01-20 00:10:34
c8042c47-ece9-441e-a427-b4a0509059fe,c8dbd53c-a00e-4f46-8a7e-4b4ce3503dbd,016dd805-ba4c-4442-bd4e-3c27e97f93b9,"Recent myself than TV though man decade. Not test soon able. Republican around outside several spend behavior. Also accept white send effort Republican character.
Citizen growth realize attack show.",dcf35b0e-3f1d-4ee8-9fb8-b9249b2ef5d3,1991-09-13 03:37:22,2022-11-10 12:13:06
e217d412-49cb-42ee-9c64-5117a1fe9b11,2daf07c6-772e-4ef8-b162-0c01d6d9f876,bc055d7e-8676-4a0a-9130-4b079f26a5c6,"By star defense whatever important key friend. Skin sort Democrat draw impact one similar.
Culture why lawyer. Soon friend once during.",8680f4ae-b7f6-4d17-842c-ef6d8d7fba7c,2013-12-01 02:38:36,2022-04-20 00:30:43
7df8826c-860f-4c03-a324-2c66d1d3b80e,971922c7-db1e-41cc-8b31-cb94bfff3d56,6bbfbeac-788c-4c68-828b-5757038d3639,"Certain world how tonight generation. Various name study defense executive close memory. Set agreement information stuff pass rock employee.
Real tell last scene development enjoy.",3a7e84df-6a7d-4ea9-a582-05eda1cfddad,1978-10-10 14:54:32,1981-01-06 15:19:10
0b03e93a-9646-4246-8572-1015723cad8e,ee7aa262-5647-4dee-a124-d542ac4dbb73,7aed1158-fe95-4836-83b3-a76623170038,"South she support late structure prevent other. Body laugh amount strong view mean but put.
While within phone recent nice. National relationship wonder democratic drop. Simple what TV skill message true during.",d7d56edd-80ee-48a6-8230-80cbf8f8aab4,2017-06-13 16:21:51,1988-10-26 23:01:21
ebb9042d-5f88-4dd8-a319-807173c143ac,66440545-cffb-41a3-be1b-8c510a4d52da,7bec4e05-bf10-48f8-b983-b9d01f2382d0,"Reveal may ability thousand. Time she public memory direction candidate cover write.
Blue to me decade four himself upon standard. Thought parent mother job people record.",a09443b7-1aaa-42d0-9ddf-3190e7018fbd,1974-09-21 23:29:10,1981-04-06 03:40:47
b9682043-068a-4f01-90d1-ef9c77894813,6bbfbeac-788c-4c68-828b-5757038d3639,aa1a27f1-d433-41ac-953a-2677652d6f63,"Visit population word report face indicate activity. Few share see finish attack amount soldier. Body prevent consider around just week.
Without certain career not behavior ability. Worker attorney wear discover relationship.",442bd2e5-7bbf-4a72-888c-525cabaa97e8,1987-08-06 01:44:47,1997-08-03 11:37:47
5e47ad79-2a1b-4faf-b0a2-d49d33fb88fd,9bbae8c7-72f3-4555-96ad-942a4ced86a0,dcd186a0-7475-433c-b5ad-d529838908f9,"Its hand think go. Same everybody the full himself since. Despite race your back either.
Also big actually dream hot. Position body rock its camera describe difficult.
Station like such rule. Least coach fast carry.",a9661310-b33d-42d7-a94c-bdb6d5eaa611,1985-06-16 14:40:46,2015-01-03 20:46:16
071c3414-2a89-4602-a048-83f52b87fa73,c53eca27-8610-4985-b514-c2ac8adbbabd,216e047a-3b44-40a1-b380-2111938fe98f,"Official see anything health Mrs bed pass. Continue over head factor technology and.
Run energy record. Use weight bring receive Republican everyone floor. Sort color participant table out human.",9494edfc-529b-47d9-a406-df3f2699b8fd,1987-04-25 01:59:38,2013-08-12 00:28:46
beb6f261-60d0-4d1c-b9f0-dc4c8c85a833,277cb2d9-5460-4983-936a-72808c7b91f4,19bceffa-38fd-4288-8ae5-9196c67c617f,"Hold floor success office operation. Throw effect also radio daughter business.
Prepare represent wrong east their free. Break agree else his hotel religious almost sometimes.
Parent even though poor approach page. Network doctor yard rock have.",25a6d7b3-aeea-4206-b766-c76ef8971f06,2005-03-08 21:47:30,2006-10-08 01:08:06
34b1c4df-1002-4166-8979-57494d828581,217c08d3-8eeb-4efb-942e-59084421cf32,951f5b67-2837-4eca-8847-066e89b67bcc,"Eight yet lead floor girl oil. Walk series full drug page range.
Third few kind month discover. Wish prepare exactly himself this understand. Media any office hot yeah physical.",d65da6d8-010c-4d74-9b6e-f91ae4a1e11e,2022-01-13 03:36:54,2008-02-25 09:31:11
c66ded41-1177-49a8-bfe0-b186d7769534,f9bc5c7f-8cea-48c9-8f30-a2850188b89f,19bceffa-38fd-4288-8ae5-9196c67c617f,Start goal party it few. Until vote method none authority professor. Couple country effort ability always increase red. Sign word cold result bill fear gun.,a1e1f366-5115-4c6e-a53b-a585649d8c21,2012-02-03 22:03:10,2010-12-30 15:32:21
add04a81-ecfc-4aca-9824-acc09d2a0f7b,a1149371-7f2a-4891-9d58-f70e3416c83a,a6f578ec-9fb9-4b87-be8d-54b0c3e7b415,"Garden technology including full west third. Situation town computer. Respond work sometimes finally impact.
Very answer last. Team recently TV democratic information. Miss choose everybody newspaper wear itself.",652e64f7-a0cc-46ce-a821-4a6ef5e7b787,1990-03-20 19:06:54,2006-02-23 09:51:29
b8752492-b71f-48c3-9c7c-7f984733ee5f,4895a422-f6b5-46a2-b03b-1d58b6ea3782,0ee1a050-ec35-4eae-815c-c2366dccb977,"Modern responsibility view goal as. Large central event you.
Inside glass enough approach.
Painting more political analysis charge. Site support bit door discussion letter step.
Available small various none list whom.",652e64f7-a0cc-46ce-a821-4a6ef5e7b787,2021-07-27 11:57:49,1979-11-02 07:07:32
453523bd-2a4d-442f-a731-adc25ce24406,277cb2d9-5460-4983-936a-72808c7b91f4,dcd186a0-7475-433c-b5ad-d529838908f9,"Hand approach sit happen share federal. Walk their fund.
Computer one despite scientist. Yes movement scene.
Court Democrat out tough than. Person can operation employee environment.",56bcbdd8-2f69-4754-a51d-6cca206329f9,1970-10-02 02:59:01,1972-02-08 06:39:56
8688ab19-8fe5-4aed-a20a-acbe052acb25,16c607b5-b0ff-4eac-aae0-ff983b2553e4,c53eca27-8610-4985-b514-c2ac8adbbabd,"Common tonight product would receive someone natural. Only cut kid produce.
Fund trip at officer fear too. Management color record cut ask.",227540fa-c07e-4253-9691-7e66346b0472,1974-07-02 07:34:50,2013-07-29 03:19:33
fa1692a4-4acf-4b7f-968a-d0ad2e2007b2,ee7aa262-5647-4dee-a124-d542ac4dbb73,c53eca27-8610-4985-b514-c2ac8adbbabd,"Thus teach not view. Own live until claim upon enter.
Positive certainly author reduce. Move director executive reduce.
Study sister onto part shake. Professor care rest pressure think. Quality southern thought many. Security dream go plant economy into.",91375917-6cd3-479d-b007-b0eb709a5e32,1986-02-22 16:55:35,1975-07-09 17:35:24
7f42a335-2810-4133-8858-e7a66b8d4321,a40d995d-247b-4fdd-ba9a-4259a792db64,8f7da27d-428b-4af6-9127-c28aeb73e532,"Into sound off threat short low able system. Phone may yourself special show inside discussion. Program popular several agent day both.
Effort world receive pretty huge money. Resource top new paper down.",3b062c7f-18a5-458e-a8a1-f7e64e9a4861,1989-12-12 03:57:09,2018-12-02 03:38:57
dde315c8-c0dc-4716-8fb5-1544babb2da8,c53eca27-8610-4985-b514-c2ac8adbbabd,23971d34-b88d-4197-9b60-aa68efd367fd,"Compare science large wish so write occur board. Toward population may class office. Form real herself between.
Speech article two choose. On eye road there light.
Campaign involve all accept. Project write phone brother once. Serve somebody have land.",5867c678-6792-40a0-a0cf-e99de75526bc,2008-03-29 18:32:46,2020-10-12 00:01:01
aef87bde-ec0d-4fb9-aaa8-ba46fcc39304,2702c40c-5e1b-435d-8453-368dd008e7af,94ed96ab-d813-4398-99b1-850007a10480,"Along police phone natural since age. Current system senior beat around decision if.
Claim give describe watch study decade discussion. High early gun people everything well however. Visit anything make story effort list score.",5ecc3de9-f75d-4e9a-ace5-3f442c1723b9,2008-06-01 10:44:35,1991-09-03 07:17:59
4ec26458-209b-4a64-ba12-1a69bceff369,e9290e51-ad85-4776-a2b8-ceb6f88669bc,7aed1158-fe95-4836-83b3-a76623170038,"Grow daughter current some black detail suffer building.
Agency including measure else assume provide. Glass ball institution where rise experience husband.",37358a60-232a-4cb3-9738-b2e3950efd3a,2007-06-21 09:16:16,2005-07-22 19:29:59
b49a0748-03dd-456d-a409-7e7bd87b1a0a,c86ce2ca-fa73-4ca4-bc01-f296980119a3,708235b4-4c53-4628-9df5-9c6e7b7e621a,"Determine be nice participant. Employee sure might heavy seem line arm school. Dog water interest development assume.
Weight his something month grow wind since. Sign outside especially have two growth inside.",3386c1ca-f3fe-4892-b848-f81aea082a17,1974-03-31 23:15:38,2021-08-29 19:53:02
e2b86f84-4811-4cc0-b63b-632cc2997f14,c8a87097-6e7e-4b0f-8e04-49e435f845dc,39cf157c-4ad8-4802-b4dd-937dac598e72,"Right edge executive religious particularly professor change quality. Everybody on why management.
Worker add building record sort. Point so quickly.
Hour entire candidate question idea. Improve if seat analysis particular.",227540fa-c07e-4253-9691-7e66346b0472,2002-08-17 06:29:54,1990-03-25 05:53:03
00ded3d6-c1f3-48c4-a4fa-bcd5817dff31,9bbae8c7-72f3-4555-96ad-942a4ced86a0,2daf07c6-772e-4ef8-b162-0c01d6d9f876,"Court seat begin she child anyone trouble. When eye month until individual return.
Upon election order. Future leave few always need require. Eye relate fight establish.",4a3d8853-1be5-479c-bfef-7b8798e3957a,1981-03-29 17:38:45,2007-03-21 19:41:56
5572f2f9-e74e-44ad-b581-4305450bea0c,52a7a3e2-e086-47d7-80ef-3f10524d5b3a,dcd186a0-7475-433c-b5ad-d529838908f9,"Class care member however citizen simply simple this. Model relationship health be any style. College woman throw return player upon. Commercial wall realize leader.
Man heart line interesting family. Soon sense technology. Voice thing end media.",05abed32-afdf-4b03-98d5-2b1e1771bc1d,1996-06-08 21:45:31,2006-01-02 19:36:33
0440030a-ba66-42a9-861b-95c9fc50dbf5,a6f578ec-9fb9-4b87-be8d-54b0c3e7b415,9f1245e0-b3d4-4bdb-a607-952fce048b71,"Agree happy capital marriage. Provide realize four live true nothing person. Team simple according response feeling hand star.
Traditional something choose particular college past media. Positive character raise class. Newspaper view model.",957fb391-0e2c-43a6-bd14-de51bbc9429d,1997-06-16 07:38:33,1975-09-22 10:21:18
b7bf8456-42f8-4808-808e-0c3499b6142c,2b4cc1ba-9fe5-4b25-8c81-3a759f578c3f,dd8737a3-3598-4412-bfce-a9aaef3bc7d8,"Find ten score many. Dark Republican rock stuff. Along purpose dream live.
Old manage not although fight. Similar teach relate. Entire change bank military tonight girl election.",3da010b2-90f6-44fa-9cb7-36ed4dc21d2f,1990-01-03 02:04:17,1976-11-17 12:24:08
a3242170-f8fd-46a1-846f-6dcf24935ff7,e118e6d8-ce9e-410d-98e4-24268453bf10,4895a422-f6b5-46a2-b03b-1d58b6ea3782,"Budget easy once foot maintain. Prepare remain indicate find a. Stuff source suggest. Our board board task believe not among lead.
Drug history key of force spend campaign. Personal not recently remain understand.",ee69ad9f-f79b-4699-b0e0-230a45638452,1972-02-07 04:23:46,1998-04-05 09:44:47
c9daea0b-4ed4-4831-bbe8-ae410e561f19,cd8d7f99-ce6a-47e7-b068-40561e4ad3cc,3c694775-ef11-402a-a7f8-466543bd6229,"Race attention too art head spend economic. Analysis president share.
Again move final professional kid. Point skill almost help nor health. Letter foreign hard indicate first.
Social sea head. Serious now practice would.",7d97a978-7024-4081-ae5b-8745dafac598,1971-03-11 13:43:12,2004-01-13 20:51:58
dc90e490-1b8a-44cf-bf02-663932e2ff4b,ffbe978d-9f24-4764-b698-9d764aa35fbd,7afceaab-bf36-4094-9439-c2d32af97e82,"Job control room. Old institution customer customer. Eye language high its stock yard let increase.
Five fish strong else. Top writer their cultural. Happen never risk whatever popular major return.",5e710f06-0861-4852-8ade-438c94ce58dd,1987-08-05 20:54:14,1974-12-30 16:58:45
422825d7-60e5-497f-90bc-979cc8855dd8,dcd186a0-7475-433c-b5ad-d529838908f9,b0571f05-b4c3-4cd1-810d-3f36c9cd7877,"Health perform white sound billion history approach. Soldier begin term simple eye. Good understand image home I simple manage.
Success system price state garden whose. Challenge car interest.",8680f4ae-b7f6-4d17-842c-ef6d8d7fba7c,1971-07-09 07:36:57,1977-12-18 07:33:39
8cc79589-5c97-48c7-acaa-1db3e21f80f2,a6f578ec-9fb9-4b87-be8d-54b0c3e7b415,63d1576e-1cba-4ff8-90c8-e8d373830180,"Media while together case value power good. Across big respond case place. Rest product own.
Chair firm activity oil image. For fine probably last artist thank. Green specific fill.",94183a6c-612a-45e1-987b-c219dfc8f098,1985-11-25 04:18:39,1971-01-06 06:21:20
43b7360d-2414-4266-ab04-0b69cc23bdde,5ea6501a-984d-4600-9a7c-dbb1de74e1fc,779241fb-992b-45c7-92f4-ea7ebc35c61f,"Model story smile. Resource manage career data rate finally reality sister. Election discussion administration religious.
Several recognize culture of agreement could more. Writer dinner contain because. Treat paper indeed growth.",fb95841a-3ebd-4b94-baee-e9a39185ca17,2007-03-18 21:22:04,2009-12-14 11:31:17
