id,first_name,last_name,mid_name,email,creation_date
30ce7544-9e60-4ee3-b493-1ca05e763dec,Stephen,Klein,Stephen,rodriguezallen@example.org,2014-08-18 06:00:51
69d334e0-0dba-475d-a979-c1e29cfd3113,Gloria,Wagner,Gloria,andrea59@example.net,2023-06-14 03:24:36
6699aa74-7b3d-4177-810b-cc878680e345,Denise,Esparza,Denise,erinallen@example.com,2020-10-16 13:28:17
afacea8a-9fd1-42a8-9ecf-e80e4b3ebe5d,Richard,Davis,Richard,garrettkristen@example.com,2006-07-10 00:57:10
e7ad78b2-6191-4318-810e-5bca5bd26bf3,Xavier,Jones,Xavier,virginia98@example.com,1972-05-26 13:07:07
6ea1da2c-2598-41e0-a9f2-7b29ad740c06,Sarah,Archer,Sarah,jamesperez@example.com,2011-08-18 09:38:11
69bc0300-4a37-40a2-9233-22461f080b42,Jason,Manning,Jason,loganjames@example.com,2001-03-17 04:07:58
32f9591d-2639-49da-a5ea-421404027a1d,Lauren,Rodriguez,Lauren,wpineda@example.org,2011-10-01 20:07:30
0629a6ee-ef34-4d9d-84a1-9fc310d2c00c,Audrey,Glass,Audrey,phahn@example.com,1981-09-21 04:49:33
8a0bedb5-1e4d-4c5d-b42c-99d914697fba,Kimberly,Butler,Kimberly,brooke41@example.org,1972-12-15 09:41:35
b2eb02ab-8d63-4c64-8706-75e1655bcf49,Mark,Beltran,Mark,hmercado@example.com,1980-02-07 13:00:17
2b7ed1d0-c93d-46b8-9211-51b8cc607348,Ryan,Anthony,Ryan,jlove@example.com,1972-04-04 07:04:49
91134ae3-25c4-447f-8ce4-5c2ec0f048da,Erica,Williams,Erica,radams@example.com,2020-04-03 22:28:52
bf022bc9-9506-4c71-908d-b7e0734feb4e,Nicole,Carroll,Nicole,cookjean@example.net,2003-07-03 02:11:43
77ca5f97-9536-44f1-bdd0-4fc7a6df5919,Matthew,Wagner,Matthew,donnamorrison@example.org,1989-09-22 14:34:06
f8c21e9f-7de6-4416-9646-41fc8250820f,Brianna,Cervantes,Brianna,monicaharris@example.net,1976-02-03 18:49:06
feb1a385-62dc-4948-8909-e3ffa33fea9a,Scott,Robinson,Scott,cherylcraig@example.org,1976-04-06 13:47:17
6f739833-2837-4c53-814a-f892f5c2402b,Danielle,Leonard,Danielle,crobinson@example.org,1979-06-25 02:05:58
8e21be2f-ef53-481f-b993-5a44cb3b18d2,David,Moore,David,martinalison@example.net,2015-08-31 15:09:36
bf4f5480-b1a2-40f1-8645-c55380957f70,Erica,Robinson,Erica,lucaslisa@example.org,2011-01-08 09:04:42
8b26f0cc-5a29-40ec-bef5-009cf055f36c,Pamela,Bailey,Pamela,emilyliu@example.net,1997-12-02 10:58:05
d03db007-5122-4271-8bc0-a9c59a7bc09e,Marcus,Clarke,Marcus,sarahweber@example.net,2016-07-06 03:18:43
3271d48a-f383-4824-a61b-cbdc61cf0057,Emily,Henderson,Emily,piercetroy@example.net,2017-12-29 14:47:48
c8e30a62-6838-46b5-8019-e82428ee4c31,Tammy,Torres,Tammy,rgonzalez@example.com,2021-07-10 00:26:14
945d12e2-93af-48cf-8b34-8fdc53e0ea51,Adam,Allen,Adam,castanedaaaron@example.net,1980-05-23 01:03:35
32659796-9c3f-42bc-8f10-434aed37e50a,Jennifer,Price,Jennifer,calderonbrittany@example.org,1988-12-31 10:37:44
89403d38-eb58-440b-8df2-35ddcac10888,Meredith,Maldonado,Meredith,christina14@example.net,1978-09-14 12:09:42
dd31d4dc-5cdb-44d2-9646-ff73bace31a8,Jason,Mcknight,Jason,oashley@example.org,1998-01-23 01:27:09
d9880d09-97c2-40bd-970f-4c52753b6afa,Sarah,Collins,Sarah,wwilson@example.org,1978-08-24 21:08:35
2c14294b-a100-4725-85c7-a435173baea1,Barbara,Martinez,Barbara,janice22@example.net,1994-03-05 12:46:11
78db5275-d2e9-477e-b322-31d2db824aca,Corey,Brown,Corey,sanchezandrew@example.org,1970-08-26 07:03:27
6565c569-410e-4b28-8dce-846952f83bde,Lisa,Anderson,Lisa,daniel52@example.org,2014-01-01 10:54:16
eb072cd3-0a74-48b4-8b51-1d4239fe3697,Allen,Colon,Allen,yfarley@example.org,1977-10-09 20:52:12
88c12e28-206a-4d06-8c8c-189e878e92fa,Harold,Meza,Harold,james54@example.net,2011-03-28 06:53:25
8862c4be-4135-4d64-9715-2e2ea8c57efd,Kenneth,Walker,Kenneth,briannamorgan@example.net,1988-05-19 23:01:53
a0dfb733-6847-4b02-bdc8-0dac28ca7940,Kimberly,Austin,Kimberly,milessally@example.org,2021-09-08 03:09:30
a9d14a94-2831-47b0-9f8f-480bd56fb9f0,Michael,Zamora,Michael,mollycoleman@example.com,1990-10-29 22:52:27
e1548ea2-984b-499e-9d09-5962cf5186a3,Marcus,Miller,Jr.,carolynrush@example.net,1984-06-25 11:56:34
0a7bd9c4-3054-4294-8463-10204c564cf3,Philip,Vasquez,Philip,kingnatalie@example.com,1988-01-29 10:13:50
c2ba98a3-acda-49d7-a3ac-257d073e342f,Vanessa,Miranda,Vanessa,robertwinters@example.com,1979-05-24 06:17:13
66a147a6-cd5b-4929-ac60-b6354b5fb662,Scott,Fox,Scott,sallyrodriguez@example.com,2018-07-18 05:07:25
70e73a64-c8d7-44d8-8aa3-0ad013011216,Ryan,Morales,Ryan,ashley15@example.org,1976-10-31 06:32:37
db0c96f6-89b8-4294-823d-6fb46e8ae0c5,Bryan,Martinez,Bryan,robinsondaniel@example.org,1999-09-13 05:13:41
7bb5321c-194a-457e-ad5f-81bb46e8dd4e,Kimberly,Caldwell,Kimberly,andersonamy@example.org,1979-05-28 09:40:57
fc5569e3-dd43-4e6a-a8ba-443f7322549d,Amanda,Fowler,Amanda,webbjay@example.org,2002-09-07 05:21:13
a3d03ae3-010f-4103-b000-1d3ed26caa30,Ashley,Wilson,Ashley,ana51@example.com,1980-08-26 00:28:06
1e4d1388-b64f-4712-b778-52713b179d15,Jeff,Murillo,Jeff,timothy64@example.net,2003-09-16 19:09:19
3a0907df-b237-472c-977a-d623d50fe9f1,Terry,Oliver,Terry,hjackson@example.net,1982-05-14 19:57:33
e1737c48-abde-4bce-ad83-85420fc143fd,Erika,Mitchell,Erika,tanyaparker@example.com,1996-11-09 13:31:23
a48b4709-b12a-4d65-aa42-edebd61e6f16,Lisa,Mckee,Lisa,ramirezadrian@example.org,2013-05-16 11:31:14
b6cb0638-6a38-4215-aa2a-e13d195706c9,Ashley,Mata,Ashley,jonesdaniel@example.net,1979-10-25 04:27:17
dfab3674-3593-41e8-b56a-8253b6b8323b,Tracy,Arnold,Tracy,angelacross@example.net,2016-01-31 08:19:49
36183e96-f4f0-4a89-a832-c81a0ff43a59,James,Morgan,James,kevinwright@example.org,2023-11-29 16:28:05
caceab95-253f-4172-a417-c52afdbe896a,Kenneth,Simmons,Kenneth,cynthiafrost@example.org,1989-12-06 08:49:32
e9b13e77-ed2d-4eb0-9d27-2f12798af033,Christopher,Bailey,Christopher,michelleperkins@example.org,2001-02-21 07:08:34
df7fbff0-d199-4029-894d-9ecba3dbf8ed,Cathy,Wood,Cathy,brownmelvin@example.org,1972-03-18 16:32:09
7a5f1fc9-3f34-4d92-80ff-a0e884a29589,Douglas,Doyle,Douglas,jeffreyhenry@example.net,1987-12-08 08:21:24
8812fe31-e704-4b21-8ce7-726b0a520cf3,Vincent,Thompson,Vincent,asanchez@example.org,1991-12-06 00:22:38
49f041ca-8eda-4e00-b091-2d22643e6881,Laurie,Wright,Laurie,murrayjohn@example.org,1979-01-29 08:04:38
44507d12-23b3-4b60-b1bd-69576501c490,Brittany,Marsh,Brittany,nicholas58@example.com,1997-12-14 15:19:42
206e096c-8d80-4ddf-b4fc-a43baf93c412,Janice,Miller,Janice,jeffreyberry@example.com,1981-07-24 02:39:15
0bd0423b-6858-4696-817f-2412db7b0f75,Ronald,Jackson,Ronald,smithdonald@example.com,1992-07-24 10:32:06
da46e8ce-00e9-4555-827a-6a8b7cab7095,Wayne,Green,Wayne,haynesjeffrey@example.org,2018-01-02 17:58:43
66950747-aa94-4ace-85b0-c18d58164b21,Brian,Harris,Brian,amber20@example.net,1993-05-06 09:16:27
3d6f3646-20f1-4146-83ce-c873d5870489,Frank,Peterson,Frank,lisadoyle@example.com,1992-06-29 03:31:24
d391baee-7696-4c5c-a8bf-5aa21b19bb91,Anita,Hughes,Anita,imiller@example.com,2020-11-12 02:38:10
6bb3d1d9-bf4d-4091-8343-b26dbc5b705a,Michael,Cochran,Michael,keithmccoy@example.com,1977-11-10 18:21:34
e518f962-5f3d-4e26-9360-bf6bd1e842f4,Gloria,Martin,Gloria,henrydouglas@example.org,1983-01-30 02:43:12
a55ed611-7478-4f02-9c5b-55dd68907eeb,Michael,Haynes,Michael,fcole@example.com,1973-08-02 02:32:36
4c405222-1ef5-42eb-a524-9e2de099a817,Jennifer,Thompson,Jennifer,diazpamela@example.net,1986-09-11 07:42:06
f4be7e03-8532-4cc8-92b8-2415005a0b74,Olivia,Robles,Olivia,krista86@example.org,2021-01-27 21:16:59
c8001171-86a8-4dcc-a1e1-cd18593e835b,Betty,Wallace,Betty,danielwilliams@example.com,2000-07-04 22:00:15
14e681ae-b2c2-4551-b1fe-007717bc81f9,Kaylee,Clements,Kaylee,melindadavis@example.net,2011-10-28 03:39:47
eb70c520-a3cc-4bd2-8acd-61e687654da3,Elizabeth,Solomon,Elizabeth,patty62@example.org,1993-04-02 00:01:29
9e33fd5a-f9a3-424f-96ba-2764a7c5b06e,Amanda,Barnett,Amanda,karina93@example.com,1988-05-31 07:53:51
f700134d-7ccb-419e-87bb-8096b43bb8ee,Hunter,White,Hunter,zachary66@example.com,1983-10-13 07:43:34
feddb1c0-ec17-4b39-bd3b-7af2e7910cf7,Robert,Kennedy,Robert,patelnathaniel@example.org,2001-06-02 13:01:55
52f0c44f-4f2e-4efe-9813-393afe9c9361,Sandra,Perez,Sandra,robinsonsamantha@example.com,1999-05-11 15:13:15
0382770e-2de1-4870-8d13-02550674f343,Hannah,Gonzales,MD,mary40@example.com,1974-08-04 18:53:41
689d24d4-55f3-4139-af1a-6e65b2dd0bb0,Linda,Miller,Linda,susan73@example.net,2023-07-02 13:35:04
d7494156-4b95-449d-86f7-793ba4b1663a,Steven,Knapp,Steven,udavis@example.net,2012-08-25 23:14:25
af892cd9-fd3a-4cba-901d-d36d620a33e4,Angel,Jones,Angel,patriciafisher@example.net,2007-08-09 22:15:30
52047ca3-c6d5-47f3-8378-a86f7b04640f,Tina,Davies,Tina,tonya67@example.com,1970-10-31 03:47:54
707c6edb-23e7-4469-8eab-d4e744329774,Gina,Nguyen,Gina,james63@example.org,1989-12-05 05:03:29
076c462b-b2ed-47f1-916e-ef34b5d2e9a5,Kristie,Murray,Kristie,tonyakelly@example.net,2012-10-25 10:47:03
2c358bbd-c40a-476e-ba76-49d9485430b3,Wayne,Cooper,Wayne,qelliott@example.org,2002-03-03 14:03:50
339eaa72-e084-4f05-84f6-fdd5dcb9010f,Jennifer,Cannon,Jennifer,bethlittle@example.com,2005-07-09 21:22:14
6b933c05-586d-4d9b-b7b4-74292c5dfb94,Kimberly,Beck,Kimberly,derrick56@example.net,1977-02-19 03:55:55
f57575c3-9c86-4952-8ae9-34dd299ec5ac,Karen,Murray,Karen,seanmartinez@example.org,2004-04-29 11:39:04
822fadaf-4ea4-4564-9b9b-6fa09937d975,Katherine,Solis,Katherine,fbender@example.com,2009-12-22 01:57:41
c19bd877-1d91-4a0e-9ebe-84471207b43e,David,Nguyen,David,kevindavis@example.com,1978-04-22 04:53:23
ab7c4cf6-a4e9-4b0d-9ced-4e3989d8057e,Jason,White,Jason,david97@example.com,1985-03-12 12:01:42
e9a06ec7-f031-4652-a588-1ac1c1693f52,Joshua,Howard,Joshua,amanda42@example.net,1985-02-18 08:07:26
c0feb4f8-9322-4697-ad24-53fac9b17dcc,Brian,Garcia,Brian,zachary86@example.net,1978-03-06 19:25:52
0a859ac0-93f2-40f3-a288-d4b33df1ef26,Brian,Wilson,Brian,pkane@example.com,2008-11-14 14:46:18
645338a4-690b-4fb8-930d-0ef65bb0d1ae,Leah,Robbins,Leah,jason84@example.com,1982-11-07 04:22:36
9979f996-8fc2-43f1-87f1-ad1791a61ba8,Diana,Rodriguez,Diana,lisaarellano@example.org,2005-07-07 07:13:13
6989608f-8f8d-4767-862f-25cada39770d,Mark,Moore,Mark,jasonruiz@example.org,1999-11-16 02:53:54
a91f4f4a-5053-4e49-aefe-b568d22e7947,Sarah,Andersen,Sarah,lisa75@example.net,1971-12-07 00:56:33
68af042c-9d3b-4279-acdd-997e494f738b,Jennifer,Cooper,Jennifer,urobinson@example.org,1992-02-20 09:35:47
